{
  "stats": {
    "suites": 6,
    "tests": 6,
    "passes": 4,
    "pending": 0,
    "failures": 2,
    "start": "2022-01-17T08:45:31.635Z",
    "end": "2022-01-17T08:49:19.097Z",
    "duration": 197764,
    "testsRegistered": 6,
    "passPercent": 66.66666666666667,
    "pendingPercent": 0,
    "other": 0,
    "hasOther": false,
    "skipped": 0,
    "hasSkipped": false
  },
  "results": [
    {
      "uuid": "683b2e1c-0b37-4ca3-b008-b713423aa352",
      "title": "",
      "fullFile": "cypress/integration/API-Testing/Delete_one_booking.spec.js",
      "file": "cypress/integration/API-Testing/Delete_one_booking.spec.js",
      "beforeHooks": [],
      "afterHooks": [],
      "tests": [],
      "suites": [
        {
          "uuid": "94233074-07d4-4ce0-940d-2a06d2948092",
          "title": "Update_one_booking",
          "fullFile": "",
          "file": "",
          "beforeHooks": [],
          "afterHooks": [],
          "tests": [
            {
              "title": "Delete booking by id",
              "fullTitle": "Update_one_booking Delete booking by id",
              "timedOut": null,
              "duration": 745,
              "state": "failed",
              "speed": null,
              "pass": false,
              "fail": true,
              "pending": false,
              "context": null,
              "code": "cy.request({\n  method: 'DELETE',\n  url: 'https://restful-booker.herokuapp.com/booking/1',\n  headers: {\n    'content-type': 'application/json',\n    'Cookie': \"token=\" + Token + \"\"\n  }\n}).then(response => {\n  //This test case is failed as it is not working according to expectations. \n  expect(response.status).equals(200);\n  expect(response.body).equals('Deleted');\n});",
              "err": {
                "message": "AssertionError: expected 201 to equal 200",
                "estack": "AssertionError: expected 201 to equal 200\n    at Context.eval (http://uitestingplayground.com/__cypress/tests?p=cypress\\integration\\API-Testing\\Delete_one_booking.spec.js:121:31)",
                "diff": "- 201\n+ 200\n"
              },
              "uuid": "ce3faacb-7632-4889-93e0-7406eb813a54",
              "parentUUID": "94233074-07d4-4ce0-940d-2a06d2948092",
              "isHook": false,
              "skipped": false
            }
          ],
          "suites": [],
          "passes": [],
          "failures": [
            "ce3faacb-7632-4889-93e0-7406eb813a54"
          ],
          "pending": [],
          "skipped": [],
          "duration": 745,
          "root": false,
          "rootEmpty": false,
          "_timeout": 2000
        }
      ],
      "passes": [],
      "failures": [],
      "pending": [],
      "skipped": [],
      "duration": 0,
      "root": true,
      "rootEmpty": true,
      "_timeout": 2000
    },
    {
      "uuid": "3674c394-7af6-4869-b218-da651fa946bd",
      "title": "",
      "fullFile": "cypress/integration/API-Testing/Get_all_bookings.spec.js",
      "file": "cypress/integration/API-Testing/Get_all_bookings.spec.js",
      "beforeHooks": [],
      "afterHooks": [],
      "tests": [],
      "suites": [
        {
          "uuid": "1178041b-d2aa-4d1f-a3bb-c20950197ea0",
          "title": "Get_all_booking",
          "fullFile": "",
          "file": "",
          "beforeHooks": [],
          "afterHooks": [],
          "tests": [
            {
              "title": "Get all bookings",
              "fullTitle": "Get_all_booking Get all bookings",
              "timedOut": null,
              "duration": 517,
              "state": "failed",
              "speed": null,
              "pass": false,
              "fail": true,
              "pending": false,
              "context": null,
              "code": "cy.request({\n  url: 'https://restful-booker.herokuapp.com/booking',\n  headers: {\n    'content-type': 'application/json'\n  }\n}).then(response => {\n  expect(response.status).equals(200);\n  expect(response.body).to.be.a('array');\n  expect(response.body).to.deep.include({\n    'bookingid': 1\n  });\n});",
              "err": {
                "message": "AssertionError: expected [ Array(23) ] to deep include { bookingid: 1 }",
                "estack": "AssertionError: expected [ Array(23) ] to deep include { bookingid: 1 }\n    at Context.eval (http://uitestingplayground.com/__cypress/tests?p=cypress\\integration\\API-Testing\\Get_all_bookings.spec.js:109:37)",
                "diff": null
              },
              "uuid": "b88d8f62-6e91-4576-b82e-b97dc72b616b",
              "parentUUID": "1178041b-d2aa-4d1f-a3bb-c20950197ea0",
              "isHook": false,
              "skipped": false
            }
          ],
          "suites": [],
          "passes": [],
          "failures": [
            "b88d8f62-6e91-4576-b82e-b97dc72b616b"
          ],
          "pending": [],
          "skipped": [],
          "duration": 517,
          "root": false,
          "rootEmpty": false,
          "_timeout": 2000
        }
      ],
      "passes": [],
      "failures": [],
      "pending": [],
      "skipped": [],
      "duration": 0,
      "root": true,
      "rootEmpty": true,
      "_timeout": 2000
    },
    {
      "uuid": "85734e97-4f29-4789-b6ae-5ecfa9ec5b0c",
      "title": "",
      "fullFile": "cypress/integration/API-Testing/Update_One_booking.spec.js",
      "file": "cypress/integration/API-Testing/Update_One_booking.spec.js",
      "beforeHooks": [],
      "afterHooks": [],
      "tests": [],
      "suites": [
        {
          "uuid": "02da8f3a-e5db-42a4-9fde-c4f62e7b471b",
          "title": "Update_one_booking",
          "fullFile": "",
          "file": "",
          "beforeHooks": [],
          "afterHooks": [],
          "tests": [
            {
              "title": "Update one booking by id",
              "fullTitle": "Update_one_booking Update one booking by id",
              "timedOut": null,
              "duration": 573,
              "state": "passed",
              "speed": "fast",
              "pass": true,
              "fail": false,
              "pending": false,
              "context": null,
              "code": "cy.request({\n  method: 'PUT',\n  url: 'https://restful-booker.herokuapp.com/booking/2',\n  headers: {\n    'content-type': 'application/json',\n    'Cookie': \"token=\" + Token + \"\"\n  },\n  body: {\n    \"firstname\": \"sss\",\n    \"lastname\": \"Brown\",\n    \"totalprice\": 111,\n    \"depositpaid\": true,\n    \"bookingdates\": {\n      \"checkin\": \"2018-01-01\",\n      \"checkout\": \"2019-01-01\"\n    },\n    \"additionalneeds\": \"Breakfast\"\n  }\n}).then(response => {\n  expect(response.status).equals(200);\n});",
              "err": {},
              "uuid": "63a0b9c0-c863-4104-ac76-28074fa7c849",
              "parentUUID": "02da8f3a-e5db-42a4-9fde-c4f62e7b471b",
              "isHook": false,
              "skipped": false
            }
          ],
          "suites": [],
          "passes": [
            "63a0b9c0-c863-4104-ac76-28074fa7c849"
          ],
          "failures": [],
          "pending": [],
          "skipped": [],
          "duration": 573,
          "root": false,
          "rootEmpty": false,
          "_timeout": 2000
        }
      ],
      "passes": [],
      "failures": [],
      "pending": [],
      "skipped": [],
      "duration": 0,
      "root": true,
      "rootEmpty": true,
      "_timeout": 2000
    },
    {
      "uuid": "c65c63e3-4d0f-4681-bc2e-0bafcff0ebda",
      "title": "",
      "fullFile": "cypress/integration/Front-end/Brokenlinkverification.spec.js",
      "file": "cypress/integration/Front-end/Brokenlinkverification.spec.js",
      "beforeHooks": [],
      "afterHooks": [],
      "tests": [],
      "suites": [
        {
          "uuid": "257aa8ce-97db-4c6f-8e83-190eebe58ef9",
          "title": "QA task Suite",
          "fullFile": "",
          "file": "",
          "beforeHooks": [],
          "afterHooks": [],
          "tests": [
            {
              "title": "Broken Link Verification",
              "fullTitle": "QA task Suite Broken Link Verification",
              "timedOut": null,
              "duration": 102465,
              "state": "passed",
              "speed": "slow",
              "pass": true,
              "fail": false,
              "pending": false,
              "context": null,
              "code": "cy.visit('/');\nvar page = ['/', 'home', 'resources', 'dynamicid', 'classattr', 'hiddenlayers', 'loaddelay', 'ajax', 'clientdelay', 'click', 'textinput', 'scrollbars', 'dynamictable', 'verifytext', 'progressbar', 'visibility', 'sampleapp', 'mouseover', 'nbsp', 'overlapped'];\nvar anotherpage = [Cypress.config('rob'), Cypress.config('bob'), Cypress.config('git'), Cypress.config('ra'), Cypress.config('ini'), Cypress.config('ap')];\nvar i = 0;\nvar k = 0;\ncy.get('a').each(items => {\n  var texf = items.text();\n  if (texf === \"CC 4.0 BY-NC\" || texf === \"Rubik's Cube \" || texf === \"Fork the website on GitHub\" || texf === \"Rapise\" || texf === \"Inflectra Corporation\" || texf === \"Apache License 2.0\") {\n    //cy.forceVisit(anotherpage[k])\n    // cy.go('back')\n    // k++;\n    cy.log(\"Cross-origin not supported,if you want to see its behaviour please uncomments above line and npx cypress open and run that particular file\");\n  } else {\n    if (page[i] != null) {\n      cy.request(page[i]).should(response => {\n        expect(response.status).to.eq(200);\n      }).then(() => {\n        cy.visit(page[i]);\n        cy.contains(texf).click().should(\"not.have.attr\", \"href\", \"#undefined\");\n        cy.go('back');\n        cy.wait(3000);\n        i++;\n      });\n    }\n  }\n});",
              "err": {},
              "uuid": "1945492c-9d50-4c2d-a8d9-047a9f4bce49",
              "parentUUID": "257aa8ce-97db-4c6f-8e83-190eebe58ef9",
              "isHook": false,
              "skipped": false
            }
          ],
          "suites": [],
          "passes": [
            "1945492c-9d50-4c2d-a8d9-047a9f4bce49"
          ],
          "failures": [],
          "pending": [],
          "skipped": [],
          "duration": 102465,
          "root": false,
          "rootEmpty": false,
          "_timeout": 2000
        }
      ],
      "passes": [],
      "failures": [],
      "pending": [],
      "skipped": [],
      "duration": 0,
      "root": true,
      "rootEmpty": true,
      "_timeout": 2000
    },
    {
      "uuid": "e29a06d7-c8a0-4f8b-918e-71c4bb585572",
      "title": "",
      "fullFile": "cypress/integration/Front-end/Metaverification.spec.js",
      "file": "cypress/integration/Front-end/Metaverification.spec.js",
      "beforeHooks": [],
      "afterHooks": [],
      "tests": [
        {
          "title": "Meta Tags Verification",
          "fullTitle": "Meta Tags Verification",
          "timedOut": null,
          "duration": 92046,
          "state": "passed",
          "speed": "slow",
          "pass": true,
          "fail": false,
          "pending": false,
          "context": null,
          "code": "cy.visit('/');\nvar m = 0;\nvar page = ['/', 'home', 'resources', 'dynamicid', 'classattr', 'hiddenlayers', 'loaddelay', 'ajax', 'clientdelay', 'click', 'textinput', 'scrollbars', 'dynamictable', 'verifytext', 'progressbar', 'visibility', 'sampleapp', 'mouseover', 'nbsp', 'overlapped'];\nvar i = 0;\nvar k = 0;\ncy.get('a').each(items => {\n  var texf = items.text();\n  if (texf === \"CC 4.0 BY-NC\" || texf === \"Rubik's Cube \" || texf === \"Fork the website on GitHub\" || texf === \"Rapise\" || texf === \"Inflectra Corporation\" || texf === \"Apache License 2.0\") {\n    console.log(\"this is not done due to cross origin issues in cypress. First test handles that\");\n  } else {\n    cy.visit(page[i]);\n    cy.get('head > meta').each(meta => {\n      if (m == 0) {\n        cy.wrap(meta).should('have.attr', 'charset', \"utf-8\");\n        m++;\n      } else {\n        cy.wrap(meta).should('have.attr', 'name', \"viewport\");\n        m = 0;\n      }\n      console.log(meta, texf);\n    });\n    cy.go('back');\n    cy.wait(3000);\n    i++;\n  }\n});",
          "err": {},
          "uuid": "e147f9ae-13f4-41ae-829c-1b957c1a88a9",
          "parentUUID": "e29a06d7-c8a0-4f8b-918e-71c4bb585572",
          "isHook": false,
          "skipped": false
        }
      ],
      "suites": [],
      "passes": [
        "e147f9ae-13f4-41ae-829c-1b957c1a88a9"
      ],
      "failures": [],
      "pending": [],
      "skipped": [],
      "duration": 92046,
      "root": true,
      "rootEmpty": false,
      "_timeout": 2000
    },
    {
      "uuid": "b7bccfbe-722e-4bb9-b39b-c757861d5b7f",
      "title": "",
      "fullFile": "cypress/integration/API-Testing/Create_Post.spec.js",
      "file": "cypress/integration/API-Testing/Create_Post.spec.js",
      "beforeHooks": [],
      "afterHooks": [],
      "tests": [],
      "suites": [
        {
          "uuid": "0bc7a37d-f52a-4378-ba5e-c5d51c339bfe",
          "title": "Get_all_booking",
          "fullFile": "",
          "file": "",
          "beforeHooks": [],
          "afterHooks": [],
          "tests": [
            {
              "title": "Create a Booking",
              "fullTitle": "Get_all_booking Create a Booking",
              "timedOut": null,
              "duration": 1418,
              "state": "passed",
              "speed": "fast",
              "pass": true,
              "fail": false,
              "pending": false,
              "context": null,
              "code": "cy.request({\n  method: 'POST',\n  url: 'https://restful-booker.herokuapp.com/booking',\n  headers: {\n    'content-type': 'application/json'\n  },\n  body: {\n    \"firstname\": tData.post.firstname,\n    \"lastname\": \"Brown\",\n    \"totalprice\": 111,\n    \"depositpaid\": true,\n    \"bookingdates\": {\n      \"checkin\": \"2018-01-01\",\n      \"checkout\": \"2019-01-01\"\n    },\n    \"additionalneeds\": \"Breakfast\"\n  }\n}).then(response => {\n  console.log(response.body);\n  expect(response.status).equals(200);\n  expect(response.body.booking.firstname).equals(tData.post.firstname);\n});",
              "err": {},
              "uuid": "b9121dd2-e943-4934-a0c4-f9fd47bb3b6d",
              "parentUUID": "0bc7a37d-f52a-4378-ba5e-c5d51c339bfe",
              "isHook": false,
              "skipped": false
            }
          ],
          "suites": [],
          "passes": [
            "b9121dd2-e943-4934-a0c4-f9fd47bb3b6d"
          ],
          "failures": [],
          "pending": [],
          "skipped": [],
          "duration": 1418,
          "root": false,
          "rootEmpty": false,
          "_timeout": 2000
        }
      ],
      "passes": [],
      "failures": [],
      "pending": [],
      "skipped": [],
      "duration": 0,
      "root": true,
      "rootEmpty": true,
      "_timeout": 2000
    }
  ],
  "meta": {
    "mocha": {
      "version": "7.0.1"
    },
    "mochawesome": {
      "options": {
        "quiet": false,
        "reportFilename": "mochawesome",
        "saveHtml": false,
        "saveJson": true,
        "consoleReporter": "spec",
        "useInlineDiffs": false,
        "code": true
      },
      "version": "7.0.1"
    },
    "marge": {
      "options": {
        "overwrite": false,
        "html": false,
        "json": true
      },
      "version": "6.0.1"
    }
  }
}